{
  "sheetsById": {
    "default": {
      "staticOverrides": {
        "byObject": {
          "cam": {
            "rotation": {
              "x": -91.40367184983937,
              "y": -13.493729214806967,
              "z": -15.03078480685856
            }
          },
          "Camera": {
            "quaternion": {
              "x": -0.29056350369824757,
              "y": 0.00139598971165618,
              "z": 0.00006912454003015183,
              "w": 0.9568546894660395
            },
            "position": {
              "y": 3
            }
          },
          "Mill": {
            "position": {
              "x": -11.886069717547182,
              "y": 0,
              "z": -13.17150992479756
            },
            "rotation": {
              "x": 0,
              "y": 10.735087093763964,
              "z": 0
            },
            "scale": {
              "x": 1,
              "y": 1,
              "z": 1
            }
          },
          "Sawmill": {
            "position": {
              "x": 2.6705493026066343,
              "y": -1.02370437589736e-15,
              "z": -16.918865412068516
            },
            "rotation": {
              "x": -3.2839376851235024e-15,
              "y": -10.50780022647334,
              "z": 6.6610473353258604e-15
            },
            "scale": {
              "x": 1,
              "y": 1,
              "z": 1
            }
          },
          "House_1 A": {
            "position": {
              "x": 21.981820608897923,
              "y": 0,
              "z": -9.720387002082116
            },
            "rotation": {
              "x": 0,
              "y": 0,
              "z": 0
            },
            "scale": {
              "x": 1,
              "y": 1,
              "z": 1
            }
          },
          "House_2 A": {
            "position": {
              "x": -7.872355967966193,
              "y": 6.2653570837230474e-15,
              "z": -25.173094236017292
            },
            "rotation": {
              "x": -180,
              "y": 82.06678773248946,
              "z": -180
            },
            "scale": {
              "x": 1,
              "y": 1,
              "z": 1
            }
          },
          "House_3 A": {
            "position": {
              "x": 16.745644848319603,
              "y": 0,
              "z": -23.09337557923257
            },
            "rotation": {
              "x": 0,
              "y": 0,
              "z": 0
            },
            "scale": {
              "x": 1,
              "y": 1,
              "z": 1
            }
          },
          "House_4 A": {
            "position": {
              "x": 12.068836364128325,
              "y": -0.0011538999711505763,
              "z": -7.660938625046561
            },
            "rotation": {
              "x": -0.041756618762083635,
              "y": -70.87410711091003,
              "z": -0.03588712627357965
            },
            "scale": {
              "x": 1,
              "y": 1,
              "z": 1
            }
          },
          "Inn A": {
            "position": {
              "x": -16.76168391670002,
              "y": 0,
              "z": 2.548493657282415
            },
            "rotation": {
              "x": 0,
              "y": 23.834601192534308,
              "z": 0
            },
            "scale": {
              "x": 1,
              "y": 1,
              "z": 1
            }
          },
          "Blacksmith A": {
            "position": {
              "x": -11.157156939320599,
              "y": -3.42006309355791e-16,
              "z": 18.324742956536937
            },
            "rotation": {
              "x": -180,
              "y": 12.89588678307632,
              "z": -180
            },
            "scale": {
              "x": 1,
              "y": 1,
              "z": 1
            }
          },
          "Bell_Tower A": {
            "position": {
              "x": 2.156738897892074,
              "y": 0.00006265762070013759,
              "z": 12.868946481553571
            },
            "rotation": {
              "x": -0.0014599649290732656,
              "y": -0.01931900211371391,
              "z": -0.024505944127765657
            },
            "scale": {
              "x": 1,
              "y": 1,
              "z": 1
            }
          },
          "Stable A": {
            "position": {
              "x": 14.87672570164898,
              "y": -6.372192826455565e-18,
              "z": 10.37080305665366
            },
            "rotation": {
              "x": -180,
              "y": -89.40198520685368,
              "z": -180
            },
            "scale": {
              "x": 1,
              "y": 1,
              "z": 1
            }
          },
          "Archery Target A": {
            "position": {
              "x": 3.9523384453877712,
              "y": -0.5687547353204627,
              "z": -3.635344087935197
            },
            "rotation": {
              "x": 0,
              "y": -25.51975479698842,
              "z": 0
            },
            "scale": {
              "x": 1,
              "y": 1,
              "z": 1
            }
          },
          "Archery Target B": {
            "position": {
              "x": -2.204995792471445,
              "y": -0.5532627057360986,
              "z": -3.8601620903044807
            },
            "rotation": {
              "x": 0,
              "y": 23.720894279780744,
              "z": 0
            },
            "scale": {
              "x": 1,
              "y": 1,
              "z": 1
            }
          }
        }
      },
      "sequence": {
        "subUnitsPerUnit": 30,
        "length": 10,
        "type": "PositionalSequence",
        "tracksByObject": {
          "cam": {
            "trackData": {},
            "trackIdByPropPath": {}
          },
          "Camera": {
            "trackData": {},
            "trackIdByPropPath": {}
          }
        }
      }
    }
  },
  "definitionVersion": "0.4.0",
  "revisionHistory": [
    "EL7H-n-T_8URCmld",
    "_P8JDPa7S1yKiFRi",
    "I51c2aFEC17LfCtB",
    "soZR_RMtERFiZhza"
  ]
}