{
  "sheetsById": {
    "default": {
      "staticOverrides": {
        "byObject": {
          "Directional Light": {
            "intensity": 0.6,
            "position": {
              "x": 0.3394033225355889,
              "y": 2.3720157022596795,
              "z": 0.09009663353739894
            },
            "rotation": {
              "x": 0,
              "y": 0,
              "z": 0
            },
            "scale": {
              "x": 1,
              "y": 1,
              "z": 1
            },
            "color": {
              "r": 0.9372549019607843,
              "g": 0.8784313725490196,
              "b": 0.7686274509803922,
              "a": 1
            }
          },
          "Ambient Light": {
            "intensity": 0.05,
            "color": {
              "r": 0.43137254901960786,
              "g": 0.4745098039215686,
              "b": 0.7176470588235294,
              "a": 1
            }
          },
          "Box": {
            "helo": {
              "position": {
                "x": 0,
                "y": 0.028659367564094484,
                "z": 0
              },
              "rotation": {
                "x": 0,
                "y": 0,
                "z": 0
              },
              "scale": {
                "x": 1,
                "y": 1,
                "z": 1
              }
            },
            "color": {
              "r": 0.8901960784313725,
              "g": 0.8352941176470589,
              "b": 0.10588235294117647,
              "a": 1
            }
          }
        }
      }
    }
  },
  "definitionVersion": "0.4.0",
  "revisionHistory": ["H4q1oRw5vKb-x7io", "fFmuTDfiXVI1Yc10"]
}
