{
  "sheetsById": {
    "default": {
      "staticOverrides": {
        "byObject": {
          "fill-light": {
            "position": {
              "x": 1.4832281951744366,
              "y": 4.867127649621996,
              "z": 5.553601513637435
            },
            "rotation": {
              "x": 0,
              "y": 0,
              "z": 0
            },
            "scale": {
              "x": 1,
              "y": 1,
              "z": 1
            },
            "intensity": 2.7,
            "color": {
              "r": 0.7058823529411765,
              "g": 0.8862745098039215,
              "b": 1,
              "a": 1
            }
          },
          "key-light": {
            "position": {
              "x": -6.02658571627831,
              "y": -0.5351776428944595,
              "z": -0.1578218297950973
            },
            "rotation": {
              "x": 0,
              "y": 0,
              "z": 0
            },
            "scale": {
              "x": 1,
              "y": 1,
              "z": 1
            },
            "intensity": 4.1000000000000005,
            "color": {
              "r": 1,
              "g": 0.7490196078431373,
              "b": 0.7490196078431373,
              "a": 1
            }
          },
          "rim-light": {
            "position": {
              "x": 1.117183627328674,
              "y": -0.6966412538489086,
              "z": -9.29766062175339
            },
            "rotation": {
              "x": 0,
              "y": 0,
              "z": 0
            },
            "scale": {
              "x": 1,
              "y": 1,
              "z": 1
            },
            "intensity": 0.1,
            "color": {
              "r": 0.7686274509803922,
              "g": 0.9019607843137255,
              "b": 1,
              "a": 1
            }
          },
          "counter-light": {
            "color": {
              "r": 0.7058823529411765,
              "g": 0.8862745098039215,
              "b": 1,
              "a": 1
            },
            "intensity": 1.5000000000000049,
            "position": {
              "x": 5.088235325877397,
              "y": -2.5965288481346205,
              "z": 3.5694634919737425
            },
            "rotation": {
              "x": 0,
              "y": 0,
              "z": 0
            },
            "scale": {
              "x": 1,
              "y": 1,
              "z": 1
            }
          },
          "key-fill-light": {
            "color": {
              "r": 1,
              "g": 0.7490196078431373,
              "b": 0.7490196078431373,
              "a": 1
            },
            "intensity": 0.5,
            "position": {
              "x": -3.3019212718857256,
              "y": 2.4215144377867786,
              "z": -4.710943983596199
            },
            "rotation": {
              "x": 0,
              "y": 0,
              "z": 0
            },
            "scale": {
              "x": 1,
              "y": 1,
              "z": 1
            }
          }
        }
      }
    }
  },
  "definitionVersion": "0.4.0",
  "revisionHistory": ["AfOCPkq6MiYLyAOo", "Tnvdju0GTH9ZHS_Z"]
}
