{
  "sheetsById": {
    "default": {
      "staticOverrides": {
        "byObject": {
          "fill-light": {
            "position": {
              "x": 1.546693969124033,
              "y": 5.869442944967289,
              "z": 6.908363622606334
            },
            "rotation": {
              "x": 0,
              "y": 0,
              "z": 0
            },
            "scale": {
              "x": 1,
              "y": 1,
              "z": 1
            },
            "intensity": 2.325,
            "color": {
              "r": 0.7058823529411765,
              "g": 0.8862745098039215,
              "b": 1,
              "a": 1
            }
          },
          "key-light": {
            "position": {
              "x": -4.330710412183455,
              "y": -3.059977032359212,
              "z": 0.38994095220986136
            },
            "rotation": {
              "x": 0,
              "y": 0,
              "z": 0
            },
            "scale": {
              "x": 1,
              "y": 1,
              "z": 1
            },
            "intensity": 2.7,
            "color": {
              "r": 1,
              "g": 0.7490196078431373,
              "b": 0.7490196078431373,
              "a": 1
            }
          },
          "rim-light": {
            "position": {
              "x": 3.151080168437028,
              "y": -0.566153783870218,
              "z": -9.29766062175339
            },
            "rotation": {
              "x": 0,
              "y": 0,
              "z": 0
            },
            "scale": {
              "x": 1,
              "y": 1,
              "z": 1
            },
            "intensity": 0.05,
            "color": {
              "r": 0.7686274509803922,
              "g": 0.9019607843137255,
              "b": 1,
              "a": 1
            }
          }
        }
      }
    }
  },
  "definitionVersion": "0.4.0",
  "revisionHistory": [
    "Tnvdju0GTH9ZHS_Z"
  ]
}